www.t0_gaming.com,www.t4_mobile.com
www.t0_gaming.com,www.t7_graphicdesign.com
www.t1_datastructures.com,www.t0_gaming.com
www.t1_datastructures.com,www.t4_mobile.com
www.t2_machinelearning.com,www.t1_datastructures.com
www.t3_OOP.com,www.t2_machinelearning.com
www.t4_mobile.com,www.t8_socialmedia.com
www.t4_mobile.com,www.t9_onlinelearning.com
www.t5_cypersecurity.com,www.t3_OOP.com
www.t5_cypersecurity.com,www.t1_datastructures.com
www.t6_design.com,www.t8_socialmedia.com
www.t6_design.com,www.t7_graphicdesign.com
www.t7_graphicdesign.com,www.t0_gaming.com
www.t7_graphicdesign.com,www.t6_design.com
www.t7_graphicdesign.com,www.t9_onlinelearning.com
www.t8_socialmedia.com,www.t0_gaming.com
www.t8_socialmedia.com,www.t9_onlinelearning.com
www.t8_socialmedia.com,www.t7_graphicdesign.com
www.t8_socialmedia.com,www.t4_mobile.com
www.t8_socialmedia.com,www.t6_design.com
www.t9_onlinelearning.com,www.t3_OOP.com
www.t9_onlinelearning.com,www.t0_gaming.com